{"cameraMode":{"drawMode":0,"name":"Shaded","section":"Shading Mode"},"sceneLighting":true,"audioPlay":true,"sceneViewState":{"m_AlwaysRefresh":false,"showFog":true,"showSkybox":true,"showFlares":true,"showImageEffects":true,"showParticleSystems":true,"showVisualEffectGraphs":true,"m_FxEnabled":true},"in2DMode":false,"pivot":{"x":38.31514358520508,"y":-1.4334430694580079,"z":11.514204025268555},"rotation":{"x":0.05060666427016258,"y":-0.8973791599273682,"z":0.10819734632968903,"w":0.4252544939517975},"size":6.285796642303467,"orthographic":false}