{"cameraMode":{"drawMode":0,"name":"Shaded","section":"Shading Mode"},"sceneLighting":false,"audioPlay":false,"sceneViewState":{"m_AlwaysRefresh":false,"showFog":true,"showSkybox":false,"showFlares":true,"showImageEffects":true,"showParticleSystems":true,"showVisualEffectGraphs":true,"m_FxEnabled":true},"in2DMode":false,"pivot":{"x":-43.10030746459961,"y":-0.006609797012060881,"z":69.07556915283203},"rotation":{"x":-0.18612413108348847,"y":0.45511355996131899,"z":-0.09845416992902756,"w":-0.8653839230537415},"size":1.151357889175415,"orthographic":false}