{"cameraMode":{"drawMode":0,"name":"Shaded","section":"Shading Mode"},"sceneLighting":false,"audioPlay":false,"sceneViewState":{"m_AlwaysRefresh":false,"showFog":true,"showSkybox":false,"showFlares":true,"showImageEffects":true,"showParticleSystems":true,"showVisualEffectGraphs":true,"m_FxEnabled":true},"in2DMode":false,"pivot":{"x":-0.0239221453666687,"y":-0.015000075101852417,"z":0.0024995803833007814},"rotation":{"x":-0.09966924786567688,"y":0.8878136873245239,"z":-0.22888168692588807,"w":-0.3866097629070282},"size":11.36924934387207,"orthographic":false}